[
{
  "model": "polls.question",
  "pk": 3,
  "fields": {
    "question_text": "What's the best way to avoid doing chores?",
    "pub_date": "2024-08-24T10:05:17Z",
    "end_date": null
  }
},
{
  "model": "polls.question",
  "pk": 4,
  "fields": {
    "question_text": "Is humanity still evolving?",
    "pub_date": "2024-08-25T05:11:41Z",
    "end_date": null
  }
},
{
  "model": "polls.question",
  "pk": 10,
  "fields": {
    "question_text": "What is the best days in the week?",
    "pub_date": "2024-08-28T16:13:24Z",
    "end_date": "2024-08-30T11:00:00Z"
  }
},
{
  "model": "polls.question",
  "pk": 12,
  "fields": {
    "question_text": "What weapon you will use in Monster Hunter: Wilds?",
    "pub_date": "2024-08-24T10:01:32Z",
    "end_date": null
  }
},
{
  "model": "polls.choice",
  "pk": 18,
  "fields": {
    "question": 3,
    "choice_text": "Hide and Seek Champion (disappear until it's done)"
  }
},
{
  "model": "polls.choice",
  "pk": 19,
  "fields": {
    "question": 3,
    "choice_text": "\"I'm Allergic\" (to dust, dirt, and dish soap)"
  }
},
{
  "model": "polls.choice",
  "pk": 20,
  "fields": {
    "question": 3,
    "choice_text": "Strategic Nap (if I'm asleep, I can't do chores)"
  }
},
{
  "model": "polls.choice",
  "pk": 21,
  "fields": {
    "question": 3,
    "choice_text": "\"Oops, Forgot!\" (every single time)"
  }
},
{
  "model": "polls.choice",
  "pk": 22,
  "fields": {
    "question": 3,
    "choice_text": "Travel Around The World (Catch Me If you can!)"
  }
},
{
  "model": "polls.choice",
  "pk": 23,
  "fields": {
    "question": 3,
    "choice_text": "Play Dumb (Sorry, I don't understand English/Thai)"
  }
},
{
  "model": "polls.choice",
  "pk": 24,
  "fields": {
    "question": 4,
    "choice_text": "Yes"
  }
},
{
  "model": "polls.choice",
  "pk": 25,
  "fields": {
    "question": 4,
    "choice_text": "No"
  }
},
{
  "model": "polls.choice",
  "pk": 26,
  "fields": {
    "question": 4,
    "choice_text": "What is evolving? Is it food?"
  }
},
{
  "model": "polls.choice",
  "pk": 36,
  "fields": {
    "question": 10,
    "choice_text": "Monday"
  }
},
{
  "model": "polls.choice",
  "pk": 37,
  "fields": {
    "question": 10,
    "choice_text": "Tuesday"
  }
},
{
  "model": "polls.choice",
  "pk": 38,
  "fields": {
    "question": 10,
    "choice_text": "Wednesday"
  }
},
{
  "model": "polls.choice",
  "pk": 39,
  "fields": {
    "question": 10,
    "choice_text": "Thursday"
  }
},
{
  "model": "polls.choice",
  "pk": 40,
  "fields": {
    "question": 10,
    "choice_text": "Friday"
  }
},
{
  "model": "polls.choice",
  "pk": 41,
  "fields": {
    "question": 10,
    "choice_text": "Saturday"
  }
},
{
  "model": "polls.choice",
  "pk": 42,
  "fields": {
    "question": 10,
    "choice_text": "Sunday"
  }
},
{
  "model": "polls.choice",
  "pk": 47,
  "fields": {
    "question": 12,
    "choice_text": "Great Sword"
  }
},
{
  "model": "polls.choice",
  "pk": 48,
  "fields": {
    "question": 12,
    "choice_text": "Long Sword"
  }
},
{
  "model": "polls.choice",
  "pk": 49,
  "fields": {
    "question": 12,
    "choice_text": "Sword & Shield"
  }
},
{
  "model": "polls.choice",
  "pk": 50,
  "fields": {
    "question": 12,
    "choice_text": "Dual Blades"
  }
},
{
  "model": "polls.choice",
  "pk": 51,
  "fields": {
    "question": 12,
    "choice_text": "Hammer"
  }
},
{
  "model": "polls.choice",
  "pk": 52,
  "fields": {
    "question": 12,
    "choice_text": "Hunting Horn"
  }
},
{
  "model": "polls.choice",
  "pk": 53,
  "fields": {
    "question": 12,
    "choice_text": "Lance"
  }
},
{
  "model": "polls.choice",
  "pk": 54,
  "fields": {
    "question": 12,
    "choice_text": "Gunlance"
  }
},
{
  "model": "polls.choice",
  "pk": 55,
  "fields": {
    "question": 12,
    "choice_text": "Switch Axe"
  }
},
{
  "model": "polls.choice",
  "pk": 56,
  "fields": {
    "question": 12,
    "choice_text": "Charge Blade"
  }
},
{
  "model": "polls.choice",
  "pk": 57,
  "fields": {
    "question": 12,
    "choice_text": "Insect Glaive"
  }
},
{
  "model": "polls.choice",
  "pk": 58,
  "fields": {
    "question": 12,
    "choice_text": "Light Bowgun"
  }
},
{
  "model": "polls.choice",
  "pk": 59,
  "fields": {
    "question": 12,
    "choice_text": "Heavy Bowgun"
  }
},
{
  "model": "polls.choice",
  "pk": 60,
  "fields": {
    "question": 12,
    "choice_text": "Bow"
  }
},
{
  "model": "polls.vote",
  "pk": 2,
  "fields": {
    "choice": 24,
    "user": 1
  }
},
{
  "model": "polls.vote",
  "pk": 10,
  "fields": {
    "choice": 25,
    "user": 8
  }
},
{
  "model": "polls.vote",
  "pk": 12,
  "fields": {
    "choice": 60,
    "user": 8
  }
},
{
  "model": "polls.vote",
  "pk": 13,
  "fields": {
    "choice": 50,
    "user": 9
  }
},
{
  "model": "polls.vote",
  "pk": 14,
  "fields": {
    "choice": 24,
    "user": 9
  }
},
{
  "model": "polls.vote",
  "pk": 15,
  "fields": {
    "choice": 47,
    "user": 10
  }
}
]
